,2024-25,2025-26,pooled
n_players,86,77,163
minutes_MAE_model,722.6260472685449,639.739701540538,683.4711477528607
minutes_MAE_naive_last,693.5581395348837,694.6103896103896,694.0552147239264
goals_MAE_model,3.673573964088953,3.520345127260018,3.6011897896360194
goals_MAE_naive_last,3.6627906976744184,3.896103896103896,3.773006134969325
assists_MAE_model,1.8190621922163432,1.4352156594030363,1.6377359159793823
assists_MAE_naive_last,1.7093023255813953,1.8181818181818181,1.7607361963190185
GA_MAE_model,4.9267723711624205,4.463949036021227,4.708138034930077
GA_MAE_naive_last,4.953488372093023,5.2727272727272725,5.104294478527607
goals_spearman_model,0.5149420014136122,0.49045581553540224,0.5025085936473821
goals_spearman_naive_last,0.5581001107723419,0.4953530049642632,0.5334336178423719
goals_p10_p90_coverage,0.7906976744186046,0.8441558441558441,0.8159509202453987
ga_p10_p90_coverage,0.7209302325581395,0.8311688311688312,0.7730061349693251
n_regulars_900min,50,50,100
NPG90_MAE_EB_model,0.09791325016110435,0.13465848705974254,0.11628586861042348
NPG90_MAE_last_season_raw,0.13273953558428342,0.14389823577691893,0.13831888568060116
NPG90_MAE_league_mean,0.1225917862842682,0.14473050726305223,0.13366114677366026
A90_MAE_EB_model,0.07524538403671971,0.08128219583399211,0.0782637899353559
A90_MAE_last_season_raw,0.1009006726668435,0.09352162048925626,0.09721114657804986
A90_MAE_league_mean,0.08574227663754325,0.08591402650197061,0.08582815156975694
tuned_decay_k_NPG,"(1.0, 40)","(0.4, 25)",
tuned_decay_k_A,"(0.8, 60)","(0.4, 40)",
ridge_alpha,1.0,1.0,
