Player,Nation,Squad,Age_next,n_prior,Min_last_season,proj_min,rate_NPG,rate_A,rate_PA,exp_goals,goals_p10,goals_p50,goals_p90,exp_ast,ast_p10,ast_p50,ast_p90,exp_ga,ga_p10,ga_p50,ga_p90,P_goals_ge_5,P_goals_ge_10,P_goals_ge_15,P_goals_ge_20,low_sample
Erling Haaland,Norway,Manchester City,26,4,2953,2352.087650912702,0.603987514666432,0.1808941044367225,0.09336084767251412,17.800382249082354,8.0,18.0,28.0,4.727542101872529,1.0,4.0,9.0,22.527924350954883,10.0,23.0,35.0,0.97625,0.84375,0.65,0.412,False
Igor Thiago,Brazil,Brentford,25,2,3282,2378.5848854617843,0.3392648041213866,0.09108308179011113,0.16033805480771376,12.466902855880175,5.0,12.0,20.0,2.4072093518581976,0.0,2.0,5.0,14.874112207738373,6.0,14.0,23.0,0.92475,0.66725,0.3485,0.11925,False
Ollie Watkins,England,Aston Villa,30,5,2839,2155.211395228365,0.43466444108143076,0.1605561403293131,0.020840220388817596,10.821083540436286,4.0,11.0,18.0,3.8448047023513334,1.0,3.0,7.0,14.66588824278762,6.0,15.0,24.0,0.87825,0.5805,0.24975,0.06925,False
João Pedro,Brazil,Chelsea,24,4,2661,2170.097299158561,0.3513167987856042,0.16933880661483533,0.03539477717981732,9.176038516587926,3.0,9.0,16.0,4.083129854195422,1.0,4.0,8.0,13.25916837078335,5.0,13.0,22.0,0.8265,0.44475,0.14475,0.028,False
Jean-Philippe Mateta,France,Crystal Palace,29,5,2218,1891.7782606939768,0.3574620133529583,0.09418411047760887,0.09531374362835532,9.168807154610514,3.0,9.0,16.0,1.9797272522704474,0.0,2.0,4.0,11.14853440688096,4.0,10.0,19.0,0.80125,0.432,0.15325,0.036,False
Bryan Mbeumo,Cameroon,Manchester Utd,26,5,2609,2204.1640928489237,0.32926623138513195,0.14896113869124877,0.03581135149164295,8.788480339694393,3.0,8.0,15.0,3.648164368145989,1.0,3.0,7.0,12.436644707840383,5.0,12.0,20.0,0.819,0.40025,0.11075,0.02175,False
Jarrod Bowen,England,West Ham,29,4,3403,2511.156712576157,0.2858430761017883,0.2180113090391667,0.030033660240013887,8.667773326860694,3.0,8.0,14.0,6.082895134569095,2.0,6.0,11.0,14.75066846142979,7.0,14.0,23.0,0.834,0.3765,0.08775,0.01175,False
Dominic Calvert-Lewin,England,Leeds United,29,5,2721,2141.366135970501,0.2705859076535985,0.09547685060651723,0.10034365919415783,8.410298671672884,3.0,8.0,14.0,2.2716766073101176,0.0,2.0,5.0,10.681975278983002,4.0,10.0,18.0,0.78725,0.3755,0.09575,0.01525,False
Richarlison,Brazil,Tottenham,29,5,1964,1751.1089142941696,0.41368332706099975,0.16721744178436113,0.01892918635284571,8.353188015292353,2.0,8.0,15.0,3.2535105881562343,0.0,3.0,7.0,11.606698603448589,4.0,11.0,20.0,0.76375,0.3645,0.11575,0.02925,False
Viktor Gyökeres,Sweden,Arsenal,28,1,2224,1712.7390030343554,0.3671067726491409,0.10872417318077826,0.07881134356605779,8.225177776523267,2.0,7.0,15.0,2.0690681331042304,0.0,2.0,5.0,10.294245909627499,3.0,10.0,19.0,0.73625,0.3465,0.11775,0.03175,False
Kevin Schade,Germany,Brentford,24,4,2745,2189.339875100073,0.3055044737197759,0.12297327483981323,0.03153828169004954,8.065475479207235,3.0,8.0,14.0,2.9914477130938186,0.0,3.0,6.0,11.056923192301053,4.0,11.0,18.0,0.77875,0.3395,0.0795,0.0085,False
Matheus Cunha,Brazil,Manchester Utd,27,3,2494,2010.7977191413797,0.33403689705638584,0.12587678648319817,0.017776090485788227,7.791204264834988,2.0,7.0,14.0,2.812363946147348,0.0,2.0,6.0,10.603568210982337,4.0,10.0,18.0,0.739,0.31425,0.07925,0.01225,False
Benjamin Šeško,Slovenia,Manchester Utd,23,1,1643,1572.2217451743427,0.4218946059163257,0.12077237928759345,0.021218071182774863,7.676330356438871,1.0,7.0,15.0,2.1097884548044203,0.0,2.0,5.0,9.786118811243291,2.0,9.0,18.0,0.69275,0.31075,0.10025,0.0245,False
Hugo Ekitike,France,Liverpool,24,1,1803,1628.3786260022264,0.40523950180909357,0.1671681629844258,0.020380446857770185,7.636652893530098,2.0,7.0,14.0,3.0245895950210615,0.0,2.0,6.0,10.66124248855116,3.0,10.0,20.0,0.70625,0.31225,0.097,0.01925,False
Eli Junior Kroupi,France,Bournemouth,20,1,1672,1419.7782602703792,0.4187750384579949,0.10303671938635289,0.06695613235964877,7.478865390712567,1.0,7.0,14.0,1.6254366021591484,0.0,1.0,4.0,9.104301992871715,1.0,8.0,17.0,0.66225,0.31,0.09675,0.0235,False
Harvey Barnes,England,Newcastle,28,5,1966,1792.8351213394944,0.35119782375474135,0.12820948635089432,0.017863243087854315,7.289954773138226,2.0,7.0,13.0,2.553983000208665,0.0,2.0,5.0,9.843937773346891,3.0,9.0,17.0,0.69825,0.27625,0.06925,0.009,False
Bukayo Saka,England,Arsenal,24,5,2222,2056.997309189498,0.27834566068231287,0.21517884713389712,0.04323459698186844,7.178033753411791,2.0,7.0,13.0,4.918025661654719,1.0,4.0,9.0,12.09605941506651,4.0,12.0,20.0,0.718,0.2755,0.04725,0.00625,False
Zian Flemming,Netherlands,Burnley,27,1,1769,1524.2720660504779,0.36388049286694607,0.10117518804336982,0.06534012219819421,7.076976987077406,1.0,6.0,14.0,1.7135390323545878,0.0,1.0,4.0,8.790516019431994,2.0,8.0,17.0,0.6595,0.282,0.07925,0.014,False
Cody Gakpo,Netherlands,Liverpool,27,3,2737,2100.8760926324658,0.28457236025981836,0.16084630056276766,0.016309592008121935,6.957296317602441,2.0,7.0,12.0,3.7546460826743835,1.0,3.0,7.0,10.711942400276824,4.0,10.0,18.0,0.689,0.249,0.047,0.00625,False
Danny Welbeck,England,Brighton,35,5,2258,1435.7153488020406,0.36785302706513595,0.1140730694383068,0.0738851870737853,6.841799660813631,1.0,6.0,13.0,1.8197384075282006,0.0,1.0,4.0,8.661538068341832,2.0,8.0,16.0,0.63675,0.25325,0.06375,0.01025,False
Alexander Isak,Sweden,Liverpool,26,4,699,1225.3756164448378,0.4566056585011603,0.15082401153880132,0.049309702589075854,6.77142239751913,0.0,6.0,14.0,2.0535118457115775,0.0,2.0,5.0,8.824934243230707,1.0,8.0,17.0,0.61825,0.279,0.08575,0.01675,False
Evanilson,Brazil,Bournemouth,26,2,2742,2116.1028782259746,0.27139701426077895,0.09205590192099325,0.018439449964174376,6.73930809620323,2.0,6.0,12.0,2.164441766807798,0.0,2.0,5.0,8.903749863011027,3.0,8.0,15.0,0.6705,0.22975,0.047,0.00525,False
Jørgen Strand Larsen,Norway,Wolves,26,2,2307,1898.001242916481,0.27473903307016573,0.11196081486139799,0.051750345087999076,6.695501338309507,2.0,6.0,12.0,2.361130730720838,0.0,2.0,5.0,9.056632069030345,3.0,8.0,16.0,0.65125,0.219,0.04325,0.004,False
Beto,Guinea-Bissau,Everton,28,3,1568,1406.7645332967977,0.3919956268023399,0.10671304275954074,0.020707486022653418,6.394554645476463,1.0,6.0,12.0,1.668001375492295,0.0,1.0,4.0,8.062556020968758,1.0,7.0,15.0,0.60325,0.22375,0.051,0.00625,False
Thierno Barry,France,Everton,23,1,1914,1635.3786188901036,0.32959550932570997,0.0985146145456751,0.019837164052483803,6.286808467746703,1.0,6.0,12.0,1.790096603068856,0.0,1.0,4.0,8.07690507081556,2.0,7.0,15.0,0.6045,0.2125,0.0465,0.00775,False
Eberechi Eze,England,Arsenal,28,4,1812,1626.8101687020512,0.32902689468265034,0.13605986043607357,0.020863324556758527,6.258913795825085,1.0,6.0,12.0,2.4593729389954047,0.0,2.0,5.0,8.71828673482049,2.0,8.0,16.0,0.5965,0.19225,0.04175,0.007,False
Leandro Trossard,Belgium,Arsenal,31,5,2000,1728.2430281849752,0.3116944076863427,0.20085705309550525,0.017069411255871456,6.256148082199662,1.0,6.0,12.0,3.856997796378737,1.0,3.0,8.0,10.113145878578399,3.0,10.0,18.0,0.62325,0.19075,0.03925,0.00475,False
Antoine Semenyo,Ghana,Manchester City,26,2,1397,1495.2911292125682,0.3515990644822564,0.12630060217365643,0.02263647639902796,6.152271717120874,1.0,5.0,12.0,2.0984018893830454,0.0,2.0,5.0,8.25067360650392,1.0,7.0,16.0,0.5755,0.2085,0.0525,0.00625,False
Brian Brobbey,Netherlands,Sunderland,24,1,1927,1685.6525208220137,0.30702315078579273,0.11456659754023024,0.019775425212962067,6.056350443248657,1.0,5.0,12.0,2.1457719327298914,0.0,2.0,5.0,8.202122375978547,2.0,7.0,15.0,0.59675,0.189,0.03825,0.00425,False
Nick Woltemade,Germany,Newcastle,24,1,1902,1582.0815261800003,0.30887179692491723,0.14780254173116186,0.04157079747460081,6.033230817694216,1.0,5.0,12.0,2.598174119947997,0.0,2.0,6.0,8.631404937642213,2.0,8.0,16.0,0.57725,0.19425,0.038,0.0045,False
Noah Okafor,Switzerland,Leeds United,26,1,1561,1411.0985647858154,0.3601248230995162,0.12269125840047519,0.021674613254931134,5.927083372424144,1.0,5.0,12.0,1.9236606515630683,0.0,2.0,5.0,7.850744023987212,1.0,7.0,15.0,0.5855,0.2045,0.05025,0.0075,False
Enzo Le Fée,France,Sunderland,26,1,2930,2237.373103885121,0.16070187274753983,0.16588201908190697,0.08544439210705454,5.749710053555008,2.0,5.0,11.0,4.123777421244634,1.0,4.0,8.0,9.873487474799642,4.0,9.0,17.0,0.584,0.15275,0.01875,0.0015,False
Anthony Gordon,England,Newcastle,25,5,1795,1718.1650814675368,0.22841482500705157,0.150458604206484,0.08409652035000073,5.686856544739223,1.0,5.0,11.0,2.872363555043616,0.0,2.0,6.0,8.55922009978284,2.0,8.0,16.0,0.57075,0.159,0.02475,0.00125,False
Igor Jesus,Brazil,Nottingham,25,1,2298,1797.6433062955862,0.2424001101214284,0.1531382815538916,0.03795117658631103,5.467853336661509,1.0,5.0,10.0,3.058755630810689,0.0,3.0,6.0,8.526608967472198,2.0,8.0,15.0,0.526,0.13725,0.01975,0.00275,False
Crysencio Summerville,Netherlands,West Ham,24,4,2470,2058.796671157783,0.22372949426158795,0.11895825532812089,0.016896105542639067,5.437216737041424,1.0,5.0,10.0,2.7212317786252544,0.0,2.0,6.0,8.158448515666677,3.0,8.0,14.0,0.5685,0.1255,0.0145,0.001,False
Valentín Castellanos,Argentina,West Ham,27,1,1384,1406.2055655683346,0.3281331042466308,0.10899068711975371,0.022730311258817432,5.420302441970414,1.0,5.0,11.0,1.702925675810163,0.0,1.0,4.0,7.123228117780577,1.0,6.0,14.0,0.5235,0.157,0.03025,0.0035,False
Dominic Solanke,England,Tottenham,28,4,1001,1430.3510806657528,0.3165928166956226,0.11857285547909001,0.028957534315517886,5.411721522626801,1.0,5.0,11.0,1.8844534663571169,0.0,1.0,4.0,7.2961749889839185,1.0,7.0,14.0,0.53075,0.15275,0.02925,0.0045,False
Raúl Jiménez,Mexico,Fulham,35,5,2189,1361.5651305943213,0.2691382414997445,0.13127843446119156,0.09925831724830135,5.312134900273167,1.0,5.0,11.0,1.986045986237448,0.0,2.0,5.0,7.298180886510615,1.0,7.0,15.0,0.52625,0.151,0.0255,0.00325,False
Diego Gómez,Paraguay,Brighton,23,1,2120,1748.7976489821308,0.2522736157510884,0.11070097632951967,0.01890204830996397,5.205361321813765,1.0,5.0,10.0,2.1510400793898947,0.0,2.0,5.0,7.35640140120366,2.0,7.0,14.0,0.51875,0.1215,0.019,0.002,False
Rodrigo Muniz,Brazil,Fulham,25,3,1000,1318.624005443632,0.33304762983821823,0.1304478949647461,0.02355667474149372,5.164720449974198,0.0,5.0,11.0,1.9112413973344855,0.0,1.0,5.0,7.075961847308684,1.0,6.0,14.0,0.50225,0.14,0.02225,0.0025,False
William Osula,Denmark,Newcastle,22,3,819,1129.6578192196446,0.3893634994092276,0.11813115645683517,0.026413691022928384,5.1610740177670404,0.0,4.0,11.0,1.4827531620547005,0.0,1.0,4.0,6.643827179821741,0.0,6.0,14.0,0.48425,0.1685,0.0375,0.0045,False
Wilson Isidor,Haiti,Sunderland,25,1,1165,1243.0136026951614,0.3491759006829448,0.11399991282368364,0.024187979828562974,5.098527941794776,0.0,4.0,11.0,1.5744826927322368,0.0,1.0,4.0,6.673010634527013,0.0,6.0,14.0,0.499,0.156,0.033,0.0055,False
Pedro Neto,Portugal,Chelsea,26,5,2631,2175.9409306480634,0.19766808306843286,0.19197246727053457,0.015285624789511659,5.084335935503111,1.0,5.0,10.0,4.641341656571687,1.0,4.0,9.0,9.725677592074799,4.0,9.0,17.0,0.52725,0.1045,0.0105,0.00025,False
Brennan Johnson,Wales,Crystal Palace,25,4,1722,1682.2089930902664,0.25556467955374557,0.13366065657313708,0.018737090608535248,5.066124635850225,1.0,4.0,10.0,2.498279538996454,0.0,2.0,6.0,7.564404174846679,2.0,7.0,14.0,0.4995,0.11175,0.015,0.00075,False
Lukas Nmecha,Germany,Leeds United,27,1,1083,1156.2172830744655,0.3037610863583128,0.13521451731899478,0.10579116445080784,5.025097437360069,0.0,4.0,11.0,1.7370817982977047,0.0,1.0,4.0,6.762179235657774,0.0,6.0,14.0,0.479,0.1455,0.031,0.005,False
Yoane Wissa,DR Congo,Newcastle,29,5,531,1077.4960710368841,0.39961144400216564,0.14400381115937472,0.023740133165361745,5.019010919640164,0.0,4.0,11.0,1.7240393415395963,0.0,1.0,4.0,6.74305026117976,0.0,6.0,15.0,0.478,0.1635,0.032,0.004,False
Jeremy Doku,Belgium,Manchester City,24,3,1784,1716.6206427939917,0.24677148516297373,0.212054820130148,0.018768905047612486,5.002542170640088,1.0,4.0,10.0,4.044640907104211,1.0,4.0,8.0,9.047183077744299,3.0,8.0,17.0,0.49525,0.113,0.0195,0.003,False
Callum Wilson,England,West Ham,34,5,1251,1035.2070217734995,0.4010488429027228,0.12730811088824506,0.02540009958346088,4.854333414053224,0.0,4.0,11.0,1.4643361146692289,0.0,1.0,4.0,6.318669528722453,0.0,6.0,14.0,0.4735,0.1465,0.0275,0.00375,False
Chemsdine Talbi,Morocco,Sunderland,21,1,1561,1533.2562152647936,0.265661427665247,0.12269125840047519,0.021674613254931134,4.830890715987359,1.0,4.0,10.0,2.0901903833465267,0.0,2.0,5.0,6.921081099333886,1.0,6.0,14.0,0.47175,0.11175,0.01875,0.00175,False
Brenden Aaronson,USA,Leeds United,25,1,2449,1883.4458095575671,0.21545769330331058,0.1641940129946855,0.017578623348487456,4.812814379582061,1.0,4.0,9.0,3.4361169525475685,0.0,3.0,7.0,8.24893133212963,2.0,8.0,15.0,0.46925,0.099,0.011,0.00125,False
Taiwo Awoniyi,Nigeria,Nottingham,28,4,494,1028.7078745625176,0.3963077455763033,0.15102351320991136,0.028680117687972743,4.800636938953417,0.0,4.0,11.0,1.7262119698125802,0.0,1.0,4.0,6.526848908765997,0.0,5.0,14.0,0.45175,0.14475,0.03475,0.0055,False
Georginio Rutter,France,Brighton,24,3,1786,1654.6419972113565,0.2343362024114164,0.15281720164963136,0.01890471313909296,4.5953662411923775,1.0,4.0,9.0,2.809530663842185,0.0,2.0,6.0,7.404896905034562,2.0,7.0,14.0,0.44825,0.081,0.01025,0.001,False
Tolu Arokodare,Nigeria,Wolves,25,1,1419,1421.3093343978485,0.2514133826198573,0.1261624994231625,0.047043322734953,4.584121484779975,0.0,4.0,9.0,1.9923993120122667,0.0,1.0,5.0,6.576520796792241,1.0,6.0,13.0,0.4265,0.0995,0.015,0.0015,False
Kai Havertz,Germany,Arsenal,27,5,581,1149.4442982455898,0.3367273664140393,0.18598789074597022,0.026065066660104334,4.575546659315046,0.0,4.0,10.0,2.375363561785324,0.0,2.0,6.0,6.95091022110037,0.0,6.0,15.0,0.4535,0.11425,0.016,0.00225,False
Gabriel Martinelli,Brazil,Arsenal,25,5,1081,1397.1479641010324,0.2738913236029806,0.18669137772786173,0.021243884828772985,4.524285206247137,0.0,4.0,9.0,2.8981719811966538,0.0,3.0,6.0,7.42245718744379,1.0,7.0,15.0,0.436,0.09575,0.012,0.0015,False
Mikel Merino,Spain,Arsenal,30,2,1036,1149.652928104495,0.32811867586186905,0.16795870989011316,0.022924608990492496,4.433271136231057,0.0,4.0,10.0,2.145491362509133,0.0,2.0,5.0,6.57876249874019,0.0,6.0,14.0,0.4255,0.111,0.01675,0.001,False
Chris Wood,New Zealand,Nottingham,34,5,901,947.4167510625409,0.3898029412341745,0.1091908185434923,0.035928155350356365,4.415832859541347,0.0,4.0,10.0,1.1494356727814992,0.0,1.0,3.0,5.565268532322847,0.0,5.0,13.0,0.44125,0.12025,0.02425,0.002,False
Mathys Tel,France,Tottenham,21,2,1349,1400.9056587601438,0.2572451999305906,0.12594752599180423,0.026605826487501996,4.346293091310258,0.0,4.0,9.0,1.960451131875098,0.0,1.0,5.0,6.3067442231853565,1.0,6.0,13.0,0.42,0.08675,0.01025,0.0005,False
Lyle Foster,South Africa,Burnley,25,2,1371,1441.6903338783145,0.25192250706964026,0.14529532357471556,0.022343209316449883,4.331157191134047,0.0,4.0,9.0,2.327454039504327,0.0,2.0,5.0,6.658611230638375,1.0,6.0,13.0,0.39475,0.0745,0.01075,0.00025,False
Hwang Hee-chan,South Korea,Wolves,30,5,1446,1344.5535090371786,0.2480800483880736,0.13426492234400753,0.04489329657114366,4.260229970867353,0.0,4.0,9.0,2.0058485830915513,0.0,1.0,5.0,6.266078553958905,0.0,5.0,13.0,0.4015,0.074,0.00975,0.0005,False
Kaoru Mitoma,Japan,Brighton,29,2,1721,1559.4120442892174,0.22628600804983984,0.12427404396031715,0.02049452444758948,4.214159741259685,0.0,4.0,9.0,2.1532715660471804,0.0,2.0,5.0,6.367431307306866,1.0,6.0,12.0,0.39,0.068,0.005,0.0,False
Gabriel Jesus,Brazil,Arsenal,29,5,429,1015.1109905368924,0.3493778564917644,0.14250932186301354,0.028988931197611974,4.210739428026531,0.0,3.0,10.0,1.6073642097456056,0.0,1.0,4.0,5.818103637772136,0.0,5.0,13.0,0.41275,0.12,0.01875,0.00125,False
Liam Delap,England,Chelsea,23,3,1107,1323.7780833972079,0.26097082776410074,0.10709623062738274,0.030602090381127173,4.210361731934382,0.0,4.0,9.0,1.5752404768775787,0.0,1.0,4.0,5.7856022088119605,0.0,5.0,12.0,0.405,0.07975,0.009,0.0,False
Rodrigo Gomes,Portugal,Wolves,23,1,960,1224.382650728182,0.2873631466767154,0.11912490890457293,0.025732695051259365,4.198552184014022,0.0,4.0,9.0,1.6206052414703802,0.0,1.0,4.0,5.819157425484402,0.0,5.0,12.0,0.406,0.09125,0.0115,0.00175,False
Lucas Paquetá,Brazil,West Ham,28,2,1511,1565.6250947958367,0.18123640409178196,0.10443832832011421,0.07047485275301925,4.165515360465803,1.0,4.0,8.0,1.8167918630721949,0.0,1.0,4.0,5.9823072235379975,1.0,5.0,12.0,0.39975,0.0625,0.00775,0.0005,False
Xavi Simons,Netherlands,Tottenham,23,1,1755,1649.5820557188185,0.20784911381579435,0.1854733117842862,0.020624706895016866,4.121882442447224,1.0,3.0,8.0,3.3994827437122246,0.0,3.0,7.0,7.521365186159448,2.0,7.0,14.0,0.376,0.062,0.0075,0.00075,False
Jacob Murphy,England,Newcastle,31,5,1617,1384.3155143045399,0.24967928566433317,0.1966509611180322,0.018777759309398186,4.078983298710491,0.0,4.0,9.0,3.024744181984343,0.0,2.0,6.0,7.103727480694834,1.0,6.0,14.0,0.384,0.06375,0.0065,0.00025,False
Donyell Malen,Netherlands,Aston Villa,27,1,656,979.9579960050505,0.3483949417867365,0.14878044751053865,0.02842462185634637,4.049144531549176,0.0,3.0,10.0,1.6199843243018006,0.0,1.0,4.0,5.6691288558509765,0.0,5.0,13.0,0.396,0.1035,0.01375,0.0025,True
Omar Marmoush,Egypt,Manchester City,27,2,700,956.1367747114817,0.3557963613768143,0.17048418964462317,0.025934678528898764,4.007494957698112,0.0,3.0,9.0,1.811180035845673,0.0,1.0,5.0,5.818674993543786,0.0,5.0,13.0,0.3825,0.09975,0.0175,0.00175,False
Mohammed Kudus,Ghana,Tottenham,25,2,1535,1608.6004457671438,0.2064873011485777,0.1784491305468891,0.01919636326157159,3.9740503763137536,1.0,3.0,8.0,3.189481677160945,0.0,3.0,7.0,7.1635320534746985,2.0,7.0,14.0,0.36825,0.05825,0.003,0.0,False
Yéremy Pino,Spain,Crystal Palace,23,1,2080,1691.0273177519375,0.19224842975340792,0.1273256310924036,0.01907666307495209,3.908291294259374,0.0,3.0,8.0,2.3923457825251107,0.0,2.0,5.0,6.300637076784485,1.0,6.0,12.0,0.35125,0.0505,0.00375,0.0,False
Noni Madueke,England,Arsenal,24,2,1211,1219.1680330334964,0.26164027903986353,0.13050077256542097,0.023831078891858665,3.810940764367547,0.0,3.0,8.0,1.7678041133103994,0.0,1.0,4.0,5.578744877677947,0.0,5.0,11.0,0.35575,0.06275,0.00875,0.0005,False
Loum Tchaouna,France,Burnley,22,1,1272,1297.418010104894,0.2363531234617423,0.12996912656093032,0.02345313773837097,3.6865045036024453,0.0,3.0,8.0,1.8736031728639257,0.0,1.0,5.0,5.560107676466371,0.0,5.0,11.0,0.3285,0.047,0.005,0.00025,False
Adam Armstrong,England,Wolves,29,4,1140,1370.454572377696,0.19795820441120174,0.1502715380408084,0.05218338727784849,3.670781149212473,0.0,3.0,8.0,2.288225737847275,0.0,2.0,5.0,5.959006887059748,1.0,5.0,12.0,0.324,0.04275,0.0035,0.0,False
Armando Broja,Albania,Burnley,24,5,860,1258.983130355743,0.22595119373891667,0.13634758616232545,0.02578094799067618,3.458685430490745,0.0,3.0,8.0,1.9073256760343766,0.0,1.0,4.0,5.3660111065251215,0.0,5.0,11.0,0.31,0.04475,0.00475,0.0005,False
Eliezer Mayenda,Spain,Sunderland,21,1,759,1032.9617385123356,0.27664862108084287,0.12461793636266402,0.02745162881839234,3.4354706743458334,0.0,3.0,8.0,1.4302840021666337,0.0,1.0,4.0,4.865754676512467,0.0,4.0,11.0,0.31575,0.059,0.00775,0.0005,True
Anthony Elanga,Sweden,Newcastle,24,3,1319,1447.9719879728489,0.19147919105476033,0.18368495225702564,0.019825166113337404,3.344115474353753,0.0,3.0,7.0,2.955229616447814,0.0,2.0,6.0,6.299345090801567,1.0,6.0,13.0,0.29575,0.03925,0.00325,0.0,False
Joshua Zirkzee,Netherlands,Manchester Utd,25,2,626,1019.7697616449732,0.2675227861918262,0.13980312204496795,0.02616967149744727,3.2761940365011446,0.0,3.0,8.0,1.5840777382780007,0.0,1.0,4.0,4.860271774779145,0.0,4.0,11.0,0.29575,0.048,0.0075,0.001,False
Justin Devenny,Northern Ireland,Crystal Palace,22,1,796,1122.4808519500175,0.21419425503357067,0.12356905928226854,0.05666511855369092,3.2552514722348787,0.0,3.0,7.0,1.5411544770869223,0.0,1.0,4.0,4.796405949321801,0.0,4.0,11.0,0.29375,0.0445,0.004,0.0005,True
Marcus Edwards,England,Burnley,27,1,1067,1193.1363950524885,0.22382746482733085,0.17424675050457522,0.024902608114121965,3.240017355956966,0.0,3.0,7.0,2.3100015527404363,0.0,2.0,6.0,5.550018908697402,0.0,5.0,12.0,0.27125,0.0375,0.00225,0.0,False
Randal Kolo Muani,France,Tottenham,27,1,1664,1406.8847440216455,0.1896872000082413,0.12029057458298871,0.02110422869559084,3.237728391486047,0.0,3.0,7.0,1.8803886025600525,0.0,1.0,4.0,5.118116994046099,0.0,4.0,10.0,0.26275,0.02725,0.00175,0.0,False
Marshall Munetsi,Zimbabwe,Wolves,30,2,875,1177.3814892305386,0.22547210902811826,0.13640079585113785,0.024726681169413445,3.2168482173683266,0.0,3.0,7.0,1.7843974683493706,0.0,1.0,4.0,5.001245685717697,0.0,4.0,11.0,0.27675,0.041,0.0045,0.00075,False
Jean-Ricner Bellegarde,Haiti,Wolves,28,2,1248,1208.4983341770533,0.21006008536104598,0.12948876779641463,0.023358166431358747,3.0797366442699685,0.0,3.0,7.0,1.7387440019622926,0.0,1.0,4.0,4.818480646232262,0.0,4.0,10.0,0.27075,0.03425,0.00325,0.00025,False
Oscar Bobb,Norway,Manchester City,23,2,468,1025.9827851043306,0.23919771991210456,0.1554117378276194,0.030354972480722678,3.0126681115274487,0.0,2.0,7.0,1.7716640846031668,0.0,1.0,4.0,4.784332196130616,0.0,4.0,11.0,0.25575,0.039,0.00475,0.00075,False
Jhon Arias,Colombia,Wolves,28,1,1124,1103.7889395806305,0.22004614725318802,0.11498932781643788,0.024481906080184516,2.946752592843586,0.0,2.0,7.0,1.4102660912621718,0.0,1.0,4.0,4.357018684105758,0.0,4.0,10.0,0.25175,0.03275,0.00325,0.00025,False
Pablo,Brazil,West Ham,22,1,823,1123.4998572115019,0.21231230095419992,0.14316291761357733,0.026879905992366598,2.9275590125053212,0.0,2.0,7.0,1.7871501944092905,0.0,1.0,4.0,4.714709206914612,0.0,4.0,11.0,0.248,0.035,0.003,0.0,True
Marc Guiu,Spain,Chelsea,20,2,272,930.4833114917242,0.25428158891271974,0.16231148995305356,0.03256404285837048,2.907060624647456,0.0,2.0,8.0,1.678090362940811,0.0,1.0,5.0,4.585150987588267,0.0,4.0,11.0,0.276,0.04725,0.00525,0.00075,False
Charalampos Kostoulas,Greece,Brighton,19,1,369,760.3121572577085,0.3178448647698573,0.15953882202188271,0.031539500234647785,2.9052307653772593,0.0,2.0,7.099999999999909,1.3477700659756806,0.0,1.0,4.0,4.25300083135294,0.0,3.0,11.0,0.2335,0.061,0.0195,0.00625,True
Tammy Abraham,England,Aston Villa,28,1,286,721.9677005913088,0.32824751610104747,0.13978630586846436,0.03257174728491426,2.849001759467424,0.0,2.0,8.0,1.1213466424667622,0.0,0.0,3.0,3.970348401934186,0.0,2.0,11.0,0.2355,0.07575,0.024,0.0055,True
Simon Adingra,Ivory Coast,Sunderland,24,1,653,909.7817229385316,0.2557477440000883,0.12772386188686868,0.028453996250273013,2.822883054073007,0.0,2.0,7.0,1.2911203903088715,0.0,1.0,4.0,4.114003444381878,0.0,3.0,10.0,0.26,0.0405,0.0025,0.00025,True
Wilson Odobert,France,Tottenham,21,3,985,1266.2945479177567,0.1785745999876133,0.14294912152133424,0.023675507353147263,2.7877140705458805,0.0,2.0,6.0,2.0112854801344264,0.0,2.0,5.0,4.798999550680307,0.0,4.0,10.0,0.219,0.0215,0.00125,0.00025,False
Jacob Bruun Larsen,Denmark,Burnley,27,1,1030,1130.333739125157,0.1989133234244684,0.1367623292883051,0.025183521681262973,2.759485040941305,0.0,2.0,7.0,1.717634167065732,0.0,1.0,4.0,4.477119208007037,0.0,4.0,10.0,0.23325,0.034,0.00175,0.0,False
Wilfried Gnonto,Italy,Leeds United,22,2,537,965.2691987493467,0.2244922170976041,0.15537477119463625,0.029523556494651056,2.669304411956433,0.0,2.0,7.0,1.666427565521218,0.0,1.0,4.0,4.335731977477651,0.0,4.0,10.0,0.225,0.0295,0.00275,0.0,False
Enes Ünal,Turkey,Bournemouth,29,3,232,668.9999538703539,0.32604546390991934,0.1511529167590274,0.03221454187578684,2.6214203965226424,0.0,1.0,7.0,1.1235699371017642,0.0,0.0,3.0,3.744990333624407,0.0,2.0,10.0,0.21375,0.0565,0.01825,0.00525,False
Daniel James,Wales,Leeds United,28,3,559,895.1288189631285,0.22708431417176664,0.13105059571214772,0.029314824090560136,2.4994076107734253,0.0,2.0,6.0,1.3034129440469915,0.0,1.0,4.0,3.802820554820417,0.0,3.0,9.0,0.178,0.033,0.00625,0.00025,False
Bertrand Traoré,Burkina Faso,Sunderland,30,3,632,783.5319539560073,0.25474106487633313,0.12813384197659772,0.02865345509302876,2.4238239781303905,0.0,2.0,6.0,1.1155217730201543,0.0,1.0,3.0,3.539345751150545,0.0,2.0,9.0,0.18175,0.0385,0.0115,0.0015,False
Joël Piroe,Suriname,Leeds United,26,1,258,679.4051935753771,0.2601418264881405,0.1408008254548607,0.0329353872067554,2.169184672890944,0.0,1.0,6.0,1.0628979119303612,0.0,0.0,3.0,3.2320825848213053,0.0,2.0,9.0,0.166,0.039,0.00925,0.00075,True
Angel Gomes,England,Wolves,25,1,461,729.7710837226817,0.24066237581418531,0.13376251775544265,0.030469181525098695,2.1555213572096714,0.0,1.0,6.0,1.0846224171540428,0.0,0.0,3.0,3.2401437743637143,0.0,2.0,9.0,0.1565,0.0345,0.0075,0.0015,True
Jack Harrison,England,Leeds United,29,2,269,857.4382191816378,0.18765226075340177,0.11559126369427002,0.02815143859128299,2.0093378428321866,0.0,1.0,5.0,1.1012485254996665,0.0,1.0,3.0,3.110586368331853,0.0,2.0,8.0,0.1365,0.021,0.00325,0.00025,False
Niclas Füllkrug,Germany,West Ham,33,2,409,576.7665104895709,0.2599539421743557,0.1422449906600815,0.029322666352340272,1.8211531660490072,0.0,1.0,6.0,0.9115794099737423,0.0,0.0,3.0,2.7327325760227494,0.0,1.0,9.0,0.14975,0.0355,0.00675,0.00075,False
